price_b,token_age_b,transfers,buys_m5,sells_m5,buys_h1,sells_h1,volume_m5,volume_h1,price_change_m5,price_change_h1,price_change_h6,price_change_h24,liquidity,market_cap,is_mutable_metadata,is_telegram,is_twitter,is_website,boosts,telegram_members,twitter_days,twitter_tweets,twitter_followers,twitter_smart_followers,closing_date,sns_held_all,sns_sold_some,sns_sold_all,PNL,PNL_10,PNL_20,PNL_30,PNL_40,PNL_50,price_change_check,sns_most_common,sns_most_common_except_0,tt_f10_bought,tt_f10_sold,sns_f10_bought,sns_f10_sold,sns_no_bought,sns_no_sold,tt_no_bought,tt_no_sold,sns_pnl_loss,tt_pnl_loss,profit
0.000155,72.09,48831.0,242.0,84.0,49052.0,1134.0,26886.58,438325.29,1.17,160.0,87.95,87.95,48737.41,155051.0,0,1,1,1,600,29,0,0,0,0,2025-01-06 09:35:45,37,17,46,-20.9,0.0,0.0,0.0,0.0,0.0,22.820919175911246,0.1,0.1,23245.97,57140.0,13679.96,21983.07,5,43,9,0,28,0,0
0.0002683,11.77,6142.0,2399.0,2725.0,5242.0,4981.0,759668.81,863418.39,23.43,254.0,254.0,254.0,64028.41,268364.0,0,1,1,1,500,21,0,0,0,0,2025-01-06 09:02:06,32,13,55,-25.79,0.0,0.0,0.0,0.0,0.0,18.350242611380683,0.1,0.1,17452.0,41623.76,15012.190000000004,21375.689999999988,10,32,32,0,10,0,0
0.000187,27.39,8311.0,476.0,389.0,4467.0,4101.0,198934.89,708714.61,5.41,101.0,101.0,101.0,53345.03,187090.0,0,1,1,1,500,6,0,0,0,0,2025-01-06 08:33:39,18,22,60,-22.51,0.0,0.0,0.0,0.0,0.0,9.999999999999986,0.1,0.1,11975.76,55725.0,15415.07,18147.48,8,18,57,0,20,0,0
0.000318,16.35,10069.0,157.0,63.0,4438.0,4237.0,25627.89,574889.17,19.56,322.0,322.0,322.0,68625.49,318035.0,0,1,1,1,500,3,0,0,0,0,2025-01-06 09:11:28,22,19,59,-24.09,1.0,1.0,1.0,1.0,1.0,-0.34471952366030295,0.0,21.0,15226.83,26960.65,11003.779999999997,12492.200000000003,17,28,14,0,5,0,0
0.0002985,15.87,14701.0,1131.0,2809.0,6930.0,6392.0,169434.49,823277.54,26.04,246.0,246.0,246.0,67383.48,298531.0,0,1,1,1,500,35,0,0,0,0,2025-01-06 08:26:17,15,13,72,70.45,1.0,1.0,1.0,1.0,1.0,15.787432117920874,0.0,0.1,24827.0,42344.0,11328.019999999999,16288.320000000005,30,32,31,0,6,0,1
0.0007052,65.32,64939.0,60.0,62.0,49722.0,13123.0,8661.41,9680831.03,2.68,49.93,619.0,619.0,124210.09,705273.0,0,1,1,1,1000,22,0,0,0,0,2025-01-06 08:25:07,17,23,60,-21.41,0.0,0.0,0.0,0.0,0.0,-4.869823283421011,0.1,0.1,44708.0,94685.0,43810.54000000001,71464.38999999998,4,17,46,0,4,0,0
0.0002015,22.83,2609.0,792.0,50.0,1624.0,270.0,27662.67,226327.52,11.39,94.29,94.29,94.29,53955.88,201538.0,0,1,1,1,500,3,0,0,0,0,2025-01-06 08:40:54,49,11,40,-21.14,1.0,1.0,0.0,0.0,0.0,13.777526821005083,0.0,0.1,11671.199999999999,16726.799999999996,32417.940000000002,32610.140000000003,31,49,30,24,15,0,0
0.000226,6.09,786.0,493.0,184.0,614.0,205.0,204672.46,279118.98,-1.6,67.91,67.91,67.91,57091.65,226019.0,0,1,1,1,500,17,0,0,0,0,2025-01-06 07:07:59,49,5,46,-20.31,0.0,0.0,0.0,0.0,0.0,4.62962962962963,215.0,215.0,58481.80999999999,115912.54000000005,55357.25999999998,59532.43999999999,6,49,18,14,25,7,0
0.000267,153.39,17734.0,121.0,118.0,1983.0,1624.0,39377.56,488431.38,-9.15,92.01,229.0,229.0,67708.81,267078.0,0,1,1,1,510,315,0,0,0,0,2025-01-06 06:38:57,8,16,76,65.47,1.0,1.0,1.0,1.0,1.0,7.704719645018143,0.0,21.0,130515.0,212535.0,47057.740000000005,57898.29999999999,15,8,20,0,25,0,1
0.000327,11.13,823.0,487.0,143.0,792.0,259.0,124720.85,241852.07,26.51,34825.0,34825.0,34825.0,33652.27,327052.0,0,1,1,0,500,380,0,0,0,0,2025-01-06 06:56:28,54,7,39,67.61,1.0,1.0,1.0,1.0,1.0,-3.9365452408930675,0.1,0.1,6835.71,15438.56,36497.35,28930.430000000004,3,54,66,63,20,0,1
0.0003601,10.94,6.0,489.0,133.0,774.0,260.0,125437.54,253677.34,-1.64,39146.0,39146.0,39146.0,35066.27,360188.0,0,1,1,0,500,219,0,0,0,0,2025-01-06 04:55:54,48,9,43,-66.9,1.0,1.0,0.0,0.0,0.0,3.7154377880184457,0.1,0.1,8281.72,17112.45999999999,39540.33000000001,34095.600000000006,3,48,60,56,20,0,0
0.000171,27.34,2388.0,458.0,85.0,1026.0,265.0,82125.5,249180.36,16.31,74.83,74.83,74.83,49361.39,171010.0,0,1,1,1,500,392,0,0,0,0,2025-01-06 04:45:56,32,18,50,-25.2,1.0,1.0,0.0,0.0,0.0,13.320079522862823,0.1,0.1,7191.510000000001,10490.810000000003,101798.86000000002,97528.95000000001,4,33,48,41,26,0,0
0.0001174,17.83,107.0,5371.0,363.0,14008.0,2187.0,57649.02,649998.48,-3.86,9.3,9.3,9.3,41870.24,117423.0,0,1,1,1,500,51,0,0,0,0,2025-01-06 03:32:58,23,8,69,60.82,1.0,1.0,1.0,1.0,1.0,9.925093632958802,21.0,21.0,8806.0,67412.0,24360.11999999999,33000.409999999996,5,23,95,0,38,0,1
0.0001079,24.54,2700.0,724.0,106.0,2676.0,686.0,77940.18,241924.32,16.52,7969.0,7969.0,7969.0,22081.16,107921.0,0,1,1,1,500,2,0,0,0,0,2025-01-06 03:19:36,76,4,20,64.32,1.0,1.0,1.0,1.0,1.0,24.198250728862977,0.0,0.1,99400.33000000005,100233.90000000002,4984.500000000007,711.0500000000003,60,76,30,30,10,0,1
0.004673,3856.86,59089.0,13.0,15.0,234.0,247.0,14340.85,151985.19,4.38,3.68,13.47,239.0,319085.46,4486700.0,0,1,1,1,500,723,0,0,0,0,2025-01-06 03:46:02,3,16,81,-20.71,1.0,1.0,1.0,0.0,0.0,2.231459199299927,0.0,0.1,411230.0,947167.0,67662.75999999998,115497.23999999999,24,3,19,0,11,0,0
0.0001671,30.17,1910.0,284.0,55.0,1170.0,320.0,39256.11,243809.51,6.33,54.78,54.78,54.78,49045.27,167113.0,0,1,1,1,500,389,0,0,0,0,2025-01-06 02:14:10,26,17,57,108.62,1.0,1.0,1.0,1.0,1.0,-1.8790369935408082,0.1,0.1,11014.560000000001,15440.660000000003,91635.56000000001,88553.59000000001,6,26,46,38,31,0,1
1.164e-11,321.69,2037.0,24.0,5.0,196.0,57.0,1308.1,27527.42,3.86,15.07,877.0,877.0,50632.93,489926.0,0,0,0,0,500,0,0,0,0,0,2025-01-06 03:57:45,43,21,36,-27.69,1.0,1.0,0.0,0.0,0.0,3.0088495575221144,0.1,0.1,26489.889999999978,40304.84000000001,35343.780000000006,31854.35999999999,2,43,4,6,14,3,0
2.821e-05,3300.93,4814.0,16.0,5.0,17.0,7.0,3041.39,7229.93,83.26,-25.16,-27.42,-23.81,19619.47,27922.0,0,1,1,1,500,106,0,0,0,0,2025-01-05 23:42:25,16,13,71,-33.89,0.0,0.0,0.0,0.0,0.0,42.11586901763223,0.1,0.1,17818.0,40137.0,6859.53,7253.25,2,16,60,0,24,0,0
0.0001154,6.64,160.0,181.0,103.0,344.0,160.0,36841.25,75478.44,-12.6,1499.0,1499.0,1499.0,19360.69,115479.0,0,1,1,1,500,31,0,0,0,0,2025-01-06 00:15:22,66,8,26,-42.03,1.0,1.0,1.0,1.0,1.0,3.6837376460018016,0.1,0.1,12838.549999999996,30717.889999999992,17937.460000000003,13004.890000000001,4,66,14,39,13,10,0
0.0003642,248.4,28334.0,230.0,202.0,3660.0,2957.0,101446.04,1115168.24,-10.6,-31.8,256.0,256.0,80049.07,364241.0,0,1,1,1,6000,136,0,0,0,0,2025-01-06 00:56:14,12,27,61,64.91,1.0,1.0,1.0,1.0,1.0,-4.933437744714166,0.0,0.1,65271.0,165126.0,63007.569999999985,97993.39000000001,17,12,60,0,14,0,1
0.0001369,3672.45,0.0,2.0,3.0,175.0,207.0,315.01,45947.31,-1.21,76.73,91.24,131.0,110949.23,136946.0,0,0,1,1,2000,0,0,0,0,0,2025-01-06 01:34:00,12,8,80,-25.2,1.0,0.0,0.0,0.0,0.0,-0.07299270072992878,20.0,20.0,26918.0,67761.81,59938.08000000001,52036.73,2,12,38,0,25,0,0
0.001064,2646.33,194600.0,221.0,194.0,1214.0,2967.0,42581.89,509205.52,-1.62,-27.06,-17.45,-37.96,186921.2,1064243.0,0,1,1,0,6500,1221,0,0,10380,2,2025-01-05 15:50:32,9,13,78,-20.31,0.0,0.0,0.0,0.0,0.0,-2.0257826887661032,433.0,433.0,375825.0,627139.0,67010.47,102013.79999999999,10,9,32,0,8,0,0
1.156e-11,176.15,2780.0,26.0,11.0,519.0,205.0,3140.13,61596.53,4.59,18.08,860.0,860.0,50508.21,486714.0,0,1,1,1,500,6128,0,0,3190,0,2025-01-05 14:58:06,46,23,31,-20.74,0.0,0.0,0.0,0.0,0.0,3.2142857142857078,0.1,0.1,37243.270000000004,55945.54,23620.950000000004,27398.81,2,46,5,0,6,0,0
4.548e-05,90.61,21948.0,68.0,37.0,11623.0,1471.0,9289.97,371885.54,1.17,-76.91,-53.17,-53.17,26453.03,45485.0,0,1,1,1,1500,164,0,0,62,0,2025-01-05 14:53:05,48,4,48,-33.86,0.0,0.0,0.0,0.0,0.0,-5.3091817613991275,0.0,0.1,46700.0,124206.0,13581.200000000003,21603.520000000004,33,48,26,0,21,0,0
0.000208,61.9,8177.0,251.0,290.0,3438.0,3276.0,55910.31,849388.01,-11.15,54.81,142.0,142.0,56047.76,208062.0,0,1,1,1,1000,491,0,0,243,0,2025-01-05 15:38:43,13,8,79,63.41,1.0,1.0,1.0,1.0,1.0,0.48379293662312395,0.0,21.0,17298.0,82949.0,17812.989999999998,29012.929999999982,13,13,84,0,21,0,1
0.0002306,85.47,7373.0,122.0,92.0,3534.0,1908.0,40547.19,1353976.92,-11.95,-15.05,151.0,151.0,60657.99,230689.0,0,1,1,1,1000,91,0,0,180,0,2025-01-05 14:49:29,17,1,82,-42.19,0.0,0.0,0.0,0.0,0.0,-4.671351798263747,0.1,0.1,6008.0,113963.0,23069.89999999999,43950.369999999995,7,17,91,0,12,0,0
0.000137,8.86,1093.0,716.0,95.0,1086.0,176.0,47580.79,89188.88,27.37,41.07,41.07,41.07,43976.42,137028.0,0,1,1,1,500,9,0,0,3,0,2025-01-05 14:53:05,60,2,38,-33.86,0.0,0.0,0.0,0.0,0.0,23.20143884892085,0.0,0.1,9599.289999999997,16306.830000000004,10561.200000000004,10269.210000000001,33,60,67,61,19,0,0
0.000623,416.89,23167.0,87.0,79.0,1541.0,1290.0,26200.43,485261.94,7.87,97.75,103.0,734.0,106109.09,623097.0,0,0,0,1,500,0,0,0,0,0,2025-01-05 12:20:48,8,19,73,-25.36,1.0,1.0,1.0,0.0,0.0,-2.0440251572327033,0.0,0.1,153761.0,296796.0,34804.659999999996,54858.98,24,8,31,0,8,0,0
0.0002798,15.83,9652.0,773.0,1202.0,5070.0,4714.0,293228.36,576634.35,14.34,232.0,232.0,232.0,64298.64,279843.0,0,1,1,1,500,32,0,0,15,0,2025-01-05 11:41:00,27,25,48,-39.78,1.0,0.0,0.0,0.0,0.0,5.1484404359263465,0.1,0.1,17029.41,35180.0,18216.05,20802.579999999987,5,27,19,0,9,0,0
0.0004118,12.81,3349.0,860.0,893.0,1575.0,1623.0,82505.14,322490.12,40.73,375.0,375.0,375.0,77489.99,411809.0,0,1,1,1,500,7,0,0,8,0,2025-01-05 11:05:47,20,12,68,-22.15,0.0,0.0,0.0,0.0,0.0,31.39757498404595,0.0,0.1,20332.0,55716.0,16000.999999999998,19043.780000000002,25,20,54,0,36,0,0
0.001253,1887.14,49976.0,12.0,9.0,241.0,242.0,2575.29,117262.94,3.22,31.87,33.92,243.0,156343.85,1253076.0,0,0,1,0,500,0,0,0,0,0,2025-01-05 12:29:25,3,11,86,-22.08,1.0,1.0,0.0,0.0,0.0,2.0358306188925135,0.0,43.0,319469.0,604249.0,18659.609999999997,29085.750000000004,38,3,17,0,40,0,0
0.001229,186.34,24674.0,115.0,106.0,3362.0,2766.0,51575.07,1396371.08,-6.61,-32.88,1353.0,1353.0,145737.02,1229583.0,0,1,1,0,530,222,0,0,0,0,2025-01-05 10:00:19,11,19,70,-24.04,0.0,0.0,0.0,0.0,0.0,-0.1624695369618236,0.0,0.1,173348.0,502977.0,41342.69,67074.35,22,11,20,0,12,0,0
0.002084,3762.32,39357.0,24.0,7.0,149.0,107.0,3907.69,49704.17,4.59,17.89,13.94,-16.87,196389.83,2040836.0,0,1,1,1,500,393,0,0,0,0,2025-01-05 11:13:32,3,11,86,-20.63,1.0,0.0,0.0,0.0,0.0,1.214181641573572,0.0,20.0,258190.0,670681.0,44538.72,68295.41999999998,18,3,29,0,4,0,0
0.02353,8744.19,663819.0,72.0,60.0,587.0,767.0,92916.86,893729.31,1.97,13.82,72.37,238.0,929235.06,23530757.0,0,1,1,1,600,1319,0,0,0,0,2025-01-05 09:42:13,2,10,88,-20.1,0.0,0.0,0.0,0.0,0.0,2.3043478260869534,0.1,0.1,1676083.0,3820859.0,202782.86000000002,451587.9599999999,4,2,12,0,11,0,0
0.0002244,12.76,2699.0,332.0,172.0,1405.0,1132.0,76129.41,224245.03,23.28,138.0,138.0,138.0,57276.28,224482.0,0,1,1,1,500,3,0,0,0,0,2025-01-05 07:54:56,15,21,64,-45.86,1.0,0.0,0.0,0.0,0.0,-5.436156763590387,0.0,21.0,19571.92,44456.0,14172.660000000002,18192.14000000001,27,15,39,0,28,0,0
0.001521,14798.01,448375.0,9.0,8.0,98.0,100.0,2993.33,39271.55,-1.32,-1.16,6.22,-18.87,257760.34,1519277.0,0,1,1,1,540,513,0,0,0,0,2025-01-05 09:08:06,3,21,76,-20.12,1.0,0.0,0.0,0.0,0.0,1.197604790419162,0.0,39.0,1380285.0,3265042.0,349964.01,403808.78,14,3,16,0,14,0,0
0.0002589,13.78,3262.0,4236.0,29.0,4360.0,60.0,27427.34,51093.69,10.01,27447.0,27447.0,27447.0,29621.96,258906.0,0,1,1,0,500,2427,0,0,70,0,2025-01-05 07:03:33,69,11,20,68.95,1.0,1.0,1.0,1.0,1.0,-3.539493293591659,0.1,0.1,9283.17,15378.46,18971.350000000002,8815.21,13,69,78,75,9,0,1
0.001452,5928.86,100016.0,25.0,18.0,140.0,113.0,14633.34,51714.13,19.96,39.61,73.54,179.0,195463.0,1452229.0,0,1,1,1,500,435,0,0,968,2,2025-01-05 11:28:14,2,15,83,-20.45,1.0,0.0,0.0,0.0,0.0,15.88188347964884,0.0,0.1,604330.0,1171412.0,21152.41,68446.59,30,2,20,0,13,0,0
0.0001463,24.14,4662.0,581.0,445.0,3259.0,1527.0,220851.12,458692.85,50.33,17793.0,17793.0,17793.0,20820.74,146305.0,0,1,1,1,500,2,0,0,0,0,2025-01-05 04:20:17,93,4,3,-22.97,1.0,1.0,1.0,1.0,0.0,-1.6139878950907893,0.0,0.1,166420.0,168769.0,2687.829999999999,28.680000000000007,80,93,0,0,2,0,0
0.0001633,40.81,3598.0,1156.0,1049.0,2645.0,2363.0,147145.3,228943.88,6.35,240.0,240.0,240.0,37293.77,163300.0,0,1,1,1,500,3,0,0,0,0,2025-01-05 10:33:05,56,3,41,-20.09,1.0,1.0,1.0,1.0,0.0,13.733075435203096,0.0,24.0,0.0,26561.0,8096.78,1914.3400000000001,39,58,100,0,1,0,0
0.0003768,7.68,24.0,895.0,412.0,1386.0,610.0,408963.39,644083.03,-14.82,229.0,229.0,229.0,74695.58,376855.0,0,1,1,1,500,10,0,0,0,0,2025-01-05 03:37:40,52,8,40,-20.94,1.0,1.0,0.0,0.0,0.0,6.877697841726614,21.0,21.0,143672.0,256063.0,49528.95999999999,55346.20999999999,2,52,21,0,14,0,0
0.004499,2205.1,203184.0,50.0,52.0,647.0,706.0,39079.1,399083.47,2.63,23.35,-7.14,62.31,358018.44,4499099.0,0,0,1,0,500,0,0,0,0,0,2025-01-05 02:41:50,4,16,80,66.48,1.0,1.0,1.0,1.0,1.0,-4.296958094022547,0.0,0.1,1024840.0,2122049.0,20873.76,66815.73,28,4,15,0,2,0,1
0.0003233,19.15,422.0,4672.0,94.0,7743.0,142.0,66208.12,103987.22,20.19,34393.0,34393.0,34393.0,33168.31,323364.0,0,1,1,0,500,2189,0,0,0,0,2025-01-05 02:22:28,65,9,26,62.3,1.0,1.0,1.0,1.0,1.0,19.91839762611276,0.1,0.1,16460.659999999996,40332.54000000001,24104.4,17094.100000000006,9,65,60,28,9,0,1
0.001886,1846.15,100300.0,68.0,83.0,808.0,797.0,44876.2,440413.28,2.55,11.48,-20.56,50.54,229843.55,1886384.0,0,1,1,0,5000,1071,0,0,0,0,2025-01-05 15:50:32,10,13,77,-20.31,0.0,0.0,0.0,0.0,0.0,0.2125398512221093,433.0,433.0,300846.0,545725.0,64506.469999999994,101180.69999999998,10,10,32,0,8,0,0
1.043e-11,737.14,1763.0,27.0,10.0,80.0,27.0,5411.28,16569.75,3.39,41.43,32.3,849.0,48008.57,438941.0,0,1,1,1,500,0,0,0,0,0,2025-01-05 02:37:07,55,14,31,-21.49,1.0,0.0,0.0,0.0,0.0,4.3730611427999495,0.1,0.1,19053.44,28120.12,21714.560000000005,15072.96,2,55,7,4,8,0,0
0.0007647,104.17,76157.0,52.0,50.0,1536.0,1800.0,20255.34,859219.82,-6.47,-2.25,601.0,601.0,125633.4,764753.0,0,1,1,1,4500,32,0,0,0,0,2025-01-05 02:03:31,21,30,49,60.06,1.0,1.0,1.0,1.0,1.0,-2.137132680320567,0.1,0.1,36546.0,106864.0,121900.92000000001,122241.36,3,22,71,0,21,0,1
0.0004609,156.49,40088.0,145.0,149.0,2392.0,2516.0,43824.14,824704.83,27.11,-18.0,422.0,422.0,93373.19,460914.0,0,0,0,0,530,0,0,0,0,0,2025-01-04 18:16:32,6,14,80,-21.52,0.0,0.0,0.0,0.0,0.0,2.718965901493196,0.0,0.1,200914.0,846798.0,63690.59,190779.39,23,6,39,0,3,0,0
0.0001137,310.95,93058.0,15.0,7.0,5640.0,5280.0,3526.22,97687.86,23.06,16.52,9.81,9.81,42226.37,113743.0,0,1,1,1,3000,36,0,0,0,0,2025-01-04 17:59:27,32,7,61,70.36,1.0,1.0,1.0,1.0,1.0,7.466918714555767,10.0,10.0,9720.72,165060.0,21159.620000000006,160196.75,4,33,69,0,16,0,1
0.0001105,10.23,464.0,110.0,148.0,335.0,229.0,20881.8,55532.65,6.81,12.33,12.33,12.33,39732.6,110589.0,0,1,1,1,500,3,0,0,0,0,2025-01-04 17:39:27,28,9,63,-25.38,1.0,1.0,0.0,0.0,0.0,-2.0390070921985832,21.0,21.0,10002.939999999999,18531.379999999997,14727.16,17967.15,2,28,44,0,39,0,0
0.001655,1278.6,100300.0,63.0,53.0,1164.0,973.0,31256.85,512492.93,5.29,-6.0,-10.32,1418.0,202736.16,1655642.0,0,1,1,0,6000,812,0,0,0,0,2025-01-05 15:50:32,11,11,78,-20.31,0.0,0.0,0.0,0.0,0.0,4.350567465321567,0.0,433.0,244644.0,454594.0,63566.469999999994,100839.46999999999,11,11,32,0,7,0,0
0.00026,12.71,1926.0,383.0,257.0,1447.0,849.0,105306.32,317696.06,58.84,205.0,205.0,205.0,61799.03,260030.0,0,0,1,0,500,0,0,0,0,0,2025-01-04 16:32:55,30,10,60,67.62,1.0,1.0,1.0,1.0,1.0,1.9408502772643226,0.1,0.1,33478.0,71951.0,8336.409999999998,15878.130000000003,5,30,38,0,7,0,1
3.647e-05,8.9,613.0,527.0,171.0,739.0,224.0,82005.03,100238.86,-0.92,697.0,697.0,697.0,7054.07,36479.0,0,1,1,1,500,4,0,0,0,0,2025-01-04 16:07:42,66,5,29,-67.95,1.0,1.0,0.0,0.0,0.0,-10.327022375215147,0.0,0.1,24468.229999999996,30178.76,8858.800000000008,7672.829999999999,39,66,61,60,14,0,0
5.318e-05,15.9,380.0,605.0,70.0,732.0,92.0,61144.61,90004.54,52.92,84.53,84.53,84.53,470254.08,332407.0,0,1,1,0,3000,9,0,0,0,0,2025-01-04 14:52:46,77,9,14,60.21,1.0,1.0,1.0,1.0,1.0,27.285782671134513,43.0,43.0,9766.02999999999,11458.250000000002,24674.51,6002.660000000001,2,77,2,32,10,3,1
0.0001074,20.92,875.0,4476.0,199.0,8580.0,607.0,68572.98,259936.67,7.41,2508.0,2508.0,2508.0,18827.3,107411.0,0,1,1,1,500,84,0,0,0,0,2025-01-04 15:01:54,55,19,26,-27.49,1.0,0.0,0.0,0.0,0.0,8.12443370582905,0.1,0.1,45444.0,97182.0,32736.309999999998,34948.89,7,57,42,0,20,0,0
6.318e-05,59.78,1088.0,7.0,11.0,426.0,370.0,463.63,53755.67,1.28,-32.3,-32.3,-32.3,29222.46,62540.0,0,1,1,1,500,15984,0,0,0,0,2025-01-04 15:06:36,38,12,50,-33.93,0.0,0.0,0.0,0.0,0.0,-0.3312825366777089,0.1,0.1,6719.819999999999,17612.67,3581.39,5741.52,12,39,35,0,14,0,0
0.0002733,29.41,738.0,107.0,54.0,515.0,210.0,22171.16,93383.19,4.4,2879.0,2879.0,2879.0,66235.4,273394.0,0,1,1,1,5000,14,0,0,0,0,2025-01-04 14:40:13,67,11,22,-22.76,0.0,0.0,0.0,0.0,0.0,2.414625733011386,0.1,0.1,18378.24,27480.249999999996,15635.350000000004,8283.8,2,67,1,0,4,0,0
0.0004978,35.49,1612.0,5600.0,736.0,7262.0,1100.0,392790.74,494027.34,84.58,520.0,520.0,520.0,85553.28,497802.0,0,1,1,1,500,113,0,0,0,0,2025-01-04 01:08:44,11,17,72,-22.16,1.0,0.0,0.0,0.0,0.0,66.6564134112581,21.0,21.0,10123.0,45160.0,16552.92,20586.890000000003,10,11,95,0,39,0,0
0.0002039,23.42,6229.0,140.0,92.0,5297.0,328.0,30738.39,120595.95,5.36,18011.0,18011.0,18011.0,30071.15,203962.0,0,1,1,1,500,6,0,0,0,0,2025-01-04 01:26:41,67,4,29,-22.17,1.0,0.0,0.0,0.0,0.0,8.746666666666663,0.0,0.1,519.0,26490.0,17308.08,3974.41,38,67,99,0,5,0,0
0.0002635,14.65,1940.0,3513.0,65.0,3658.0,98.0,42610.25,70026.47,12.67,28012.0,28012.0,28012.0,29845.39,263580.0,0,1,1,0,500,2079,0,0,0,0,2025-01-04 01:21:46,65,8,27,67.17,1.0,1.0,1.0,1.0,1.0,23.188405797101456,0.1,0.1,4489.850000000001,25478.839999999997,20411.050000000007,9139.07,3,65,70,35,12,0,1
0.000139,18.07,517.0,224.0,187.0,780.0,737.0,72077.42,160673.91,26.19,59.68,59.68,59.68,44806.23,139017.0,0,1,1,1,500,167,0,0,0,0,2025-01-03 23:15:35,32,8,60,-21.44,1.0,0.0,0.0,0.0,0.0,9.190887666928504,10.0,10.0,1383.0,56030.0,7007.82,8816.78,12,32,97,0,5,0,0
0.0001957,45.1,1218.0,136.0,107.0,724.0,507.0,45131.88,310900.62,16.34,97.82,97.82,97.82,53695.8,195731.0,0,0,1,1,510,0,0,0,0,0,2025-01-03 23:07:24,10,27,63,-32.81,1.0,1.0,1.0,0.0,0.0,2.7836134453781622,0.0,0.1,82541.0,119320.0,17224.84,32457.529999999995,34,10,33,0,25,0,0
0.001108,22.82,931.0,126.0,139.0,1229.0,1260.0,37749.06,654325.41,-10.04,910.0,910.0,910.0,127286.31,1108099.0,0,1,1,1,500,22,0,0,0,0,2025-01-03 22:46:08,20,15,65,98.47,1.0,1.0,1.0,1.0,1.0,10.358565737051808,21.0,21.0,84358.0,181885.0,73129.80999999998,111689.16,0,20,32,0,11,0,1
0.03657,82.37,39757.0,197.0,151.0,7192.0,5226.0,329027.07,16444595.47,3.85,20.57,21758.0,21758.0,823837.94,36577060.0,0,0,0,0,500,0,0,0,0,0,2025-01-03 22:53:18,7,32,61,-20.7,0.0,0.0,0.0,0.0,0.0,3.043110735418421,217.0,217.0,1244473.0,7344640.0,135288.05,3141920.52,1,7,8,0,4,0,0
0.0004534,49.5,9755.0,5046.0,61.0,19022.0,1271.0,42217.56,3425859.71,10.04,470.0,470.0,470.0,88658.38,453444.0,0,1,1,1,1000,11,0,0,0,0,2025-01-03 22:54:25,10,11,79,66.85,1.0,1.0,1.0,1.0,1.0,19.127693116132434,21.0,21.0,16541.0,33315.0,16219.220000000001,23407.03000000001,2,10,54,0,18,0,1
0.0004121,6.21,857.0,1001.0,352.0,1132.0,396.0,372771.86,436555.27,51.41,259.0,259.0,259.0,77701.55,412144.0,0,1,1,1,500,3,0,0,0,0,2025-01-04 01:21:46,34,13,53,-21.72,1.0,1.0,1.0,1.0,0.0,-2.5307473982970645,21.0,21.0,77811.0,169522.0,46893.01999999999,51315.560000000005,3,34,18,0,18,0,0
0.0005163,38.83,790.0,222.0,172.0,490.0,352.0,45027.24,151924.65,-19.82,5839.0,5839.0,5839.0,18877.52,129079.0,0,1,1,1,500,19,0,0,0,0,2025-01-03 21:30:26,32,21,47,-33.74,1.0,1.0,1.0,1.0,0.0,-22.790489008524002,0.1,0.1,26122.809999999994,61504.85,41938.79,41753.119999999995,3,33,12,5,24,0,0
0.005008,187.97,1709.0,125.0,67.0,1081.0,533.0,48543.95,772060.78,0.58,371.0,149853.0,149853.0,258746.71,5008081.0,0,1,1,1,1000,236,0,0,0,0,2025-01-03 21:19:17,45,40,15,-20.31,0.0,0.0,0.0,0.0,0.0,1.0288480936050173,108.0,108.0,86370.0,161043.0,134480.0,105317.93,0,45,73,0,14,0,0
7.194e-05,58.66,1716.0,163.0,211.0,777.0,983.0,12689.03,141505.6,3.41,-7.78,-7.78,-7.78,32374.39,71947.0,0,0,1,1,500,0,0,0,0,0,2025-01-03 20:44:24,18,40,42,-24.58,0.0,0.0,0.0,0.0,0.0,12.768436823705676,0.0,10.0,13669.949999999999,58239.880000000005,17198.329999999998,50122.770000000004,25,18,58,19,50,0,0
0.0001181,24607.59,99480.0,15.0,2.0,46477.0,77.0,1689.05,10144.46,14.43,9.16,11.17,78.89,43459.01,118120.0,0,1,1,1,510,162,0,0,0,0,2025-01-03 21:16:13,4,17,79,-29.14,0.0,0.0,0.0,0.0,0.0,3.596491228070168,0.0,0.1,34790.0,110995.0,67792.19,76230.22,23,5,72,0,17,0,0
0.0004534,19.44,177.0,283.0,195.0,829.0,628.0,84958.07,326827.32,10.78,316.0,316.0,316.0,81388.03,453440.0,0,1,1,0,1000,19,0,0,0,0,2025-01-05 15:50:32,39,24,37,-20.31,0.0,0.0,0.0,0.0,0.0,4.494123069831768,0.0,433.0,28479.22,72920.0,58623.759999999995,62891.35,11,39,71,0,22,0,0
0.0004122,1356.48,100206.0,20.0,15.0,74.0,58.0,10826.14,19244.38,44.6,45.89,15.97,391.0,87094.57,412207.0,0,1,1,1,1500,133,0,0,0,0,2025-01-03 19:47:22,22,13,65,69.07,1.0,1.0,1.0,1.0,1.0,-0.7703418391911467,0.0,20.0,27309.1,162391.0,56492.17999999999,80777.73,14,22,92,0,6,0,1
0.0003522,1237.47,101504.0,34.0,24.0,29126.0,241.0,8690.44,125297.02,-8.27,-16.87,4.79,298.0,73828.27,352233.0,0,1,1,1,1000,154,0,0,0,0,2025-01-03 20:15:57,9,10,81,-20.39,1.0,1.0,1.0,1.0,0.0,-0.3677510608203614,20.0,20.0,136419.0,200311.0,23238.719999999998,39038.38999999999,12,10,60,0,20,0,0
0.002917,250.78,51178.0,250.0,179.0,4197.0,3584.0,120835.2,1782066.24,-15.11,-7.18,3464.0,3464.0,234313.17,2917713.0,0,0,1,0,540,0,0,0,0,0,2025-01-05 02:41:50,5,20,75,66.48,1.0,1.0,1.0,1.0,1.0,-9.857849196538945,0.0,0.1,246190.0,864054.0,18622.76,57726.76999999999,28,5,22,0,2,0,1
0.0002283,28.6,15270.0,425.0,217.0,8082.0,6784.0,113533.05,1617300.07,-2.0,143.0,143.0,143.0,60929.25,228325.0,0,1,1,1,500,15,0,0,0,0,2025-01-03 17:33:05,26,21,53,-40.43,1.0,1.0,0.0,0.0,0.0,6.859504132231403,0.0,21.0,27763.0,97132.0,24025.8,28431.21,14,26,62,0,20,0,0
0.0002207,34.32,21756.0,3116.0,135.0,26620.0,2522.0,26307.55,968183.87,11.73,176.0,176.0,176.0,58343.03,220775.0,0,0,1,1,500,0,0,0,0,0,2025-01-03 16:32:44,8,8,84,-23.7,1.0,1.0,0.0,0.0,0.0,12.65952016334865,0.0,21.0,4203.0,42733.0,9442.049999999997,16158.420000000002,16,8,95,0,41,0,0
8.846e-12,201.88,1881.0,43.0,27.0,265.0,128.0,8133.65,39595.07,5.5,20.96,833.0,833.0,44080.72,372184.0,0,1,1,1,500,5398,0,0,0,0,2025-01-03 15:51:36,39,17,44,80.08,1.0,1.0,1.0,1.0,1.0,4.131842260153026,0.1,0.1,24639.269999999997,33532.09,15866.280000000004,14568.69,2,39,4,0,7,0,1
6.498e-08,18130.6,466695.0,7.0,8.0,121.0,79.0,301.2,8536.68,-0.19,1.62,30.27,-1.91,170164.81,1298767.0,0,1,1,1,500,3988,0,0,0,0,2025-01-03 18:25:40,1,52,47,-20.41,0.0,0.0,0.0,0.0,0.0,-0.046146746654352123,17.0,17.0,973648.0,1472675.0,321571.97,399220.57,0,1,3,0,10,0,0
7.465e-05,79.36,15378.0,259.0,160.0,8776.0,1949.0,41342.05,458446.81,-30.77,35.69,4040.0,4040.0,15331.64,74652.0,0,1,1,1,500,76,0,0,0,0,2025-01-03 15:29:26,22,11,67,-28.45,1.0,0.0,0.0,0.0,0.0,-30.62267657992565,0.1,0.1,50176.0,108331.0,28522.230000000007,35179.71000000001,9,22,38,0,31,0,0
3.072e-05,91.07,26242.0,37.0,207.0,2313.0,1478.0,3158.15,333668.21,19.99,-63.08,-65.06,-65.06,22715.59,30723.0,0,1,1,1,500,50,0,0,0,0,2025-01-03 15:41:00,8,9,83,61.49,1.0,1.0,1.0,1.0,1.0,-7.432651736449195,0.0,42.0,32107.0,92581.0,13859.44,16480.549999999996,10,8,84,0,33,0,1
0.000225,70.43,4547.0,138.0,80.0,2712.0,1334.0,35880.08,571964.51,-16.26,53.63,101.0,101.0,57959.54,225056.0,0,1,1,1,2000,86,0,0,0,0,2025-01-03 16:15:12,28,16,56,-25.11,1.0,0.0,0.0,0.0,0.0,-1.2291483757682238,0.0,634.0,50640.0,140827.0,37631.749999999985,47895.649999999994,22,28,33,0,8,0,0
0.0001976,27.44,3165.0,213.0,144.0,2487.0,2283.0,105068.12,307818.24,18.55,141.0,141.0,141.0,52948.77,197686.0,0,1,1,1,500,2,0,0,2,0,2025-01-03 12:18:17,8,19,73,62.55,1.0,1.0,1.0,1.0,1.0,-1.4955134596211324,41.0,41.0,17481.25,35508.25,10337.640000000003,16025.650000000003,8,8,41,0,41,0,1
0.0002388,12.7,572.0,2059.0,2878.0,6073.0,5804.0,338797.19,530786.28,22.47,193.0,193.0,193.0,58414.57,238891.0,0,1,1,1,500,13,0,0,0,0,2025-01-03 10:56:46,30,11,59,66.29,1.0,1.0,1.0,1.0,1.0,11.67037861915368,0.1,0.1,18575.190000000002,27073.03,14330.800000000005,17522.379999999997,4,30,15,0,5,0,1
0.0001683,21.77,21518.0,1044.0,1803.0,12053.0,9255.0,30902.57,1096364.01,22.57,105.0,105.0,105.0,51002.41,168356.0,0,1,1,1,500,4,0,0,0,0,2025-01-03 10:16:11,18,17,65,66.43,1.0,1.0,1.0,1.0,1.0,19.64162646450723,20.0,20.0,25269.0,47244.0,12461.93,16876.769999999997,5,18,25,0,12,0,1
0.0002512,39.38,13464.0,567.0,384.0,7880.0,6093.0,204299.31,937319.98,-0.58,233.0,233.0,233.0,61179.24,251297.0,0,1,1,1,500,4,0,0,1440,2,2025-01-03 10:25:01,13,18,69,60.19,1.0,1.0,1.0,1.0,1.0,1.8240778273206328,0.1,0.1,62384.0,125696.0,38973.53999999998,39781.80999999998,7,13,63,0,30,0,1
0.0001678,53.55,26468.0,4052.0,25.0,25390.0,1848.0,8620.28,622421.14,39.05,120.0,120.0,120.0,49117.03,167825.0,0,1,1,1,500,109,0,0,40,0,2025-01-03 07:40:05,8,11,81,71.39,1.0,1.0,1.0,1.0,1.0,34.88745980707398,0.0,20.0,59267.0,125331.0,20165.52,41325.68999999998,11,8,29,0,6,0,1
0.0002661,15.23,2819.0,4210.0,22.0,4756.0,54.0,11432.52,37850.46,10.62,29577.0,29577.0,29577.0,29307.43,266168.0,0,1,0,0,500,1864,0,0,0,0,2025-01-03 06:12:26,69,9,22,61.33,1.0,1.0,1.0,1.0,1.0,19.506825187142226,0.0,0.1,4971.270000000001,14971.140000000003,20293.380000000005,9002.66,26,69,83,62,12,0,1
5.287e-05,33.37,1223.0,80.0,59.0,474.0,388.0,15866.05,95170.58,19.95,-45.68,-45.68,-45.68,26924.47,52871.0,0,1,1,1,500,6,0,0,0,0,2025-01-03 04:34:36,20,9,71,-22.43,1.0,0.0,0.0,0.0,0.0,33.07324439969796,20.0,20.0,0.0,16446.0,11078.129999999997,12399.250000000002,10,20,100,0,58,0,0
0.0001951,278.6,7966.0,12.0,10.0,45.0,73.0,2754.39,16727.71,-1.87,-8.75,57.29,57.29,55309.01,195104.0,0,0,1,1,510,0,0,0,0,0,2025-01-03 04:31:43,14,1,85,-37.16,0.0,0.0,0.0,0.0,0.0,1.933124346917455,0.0,20.0,125162.0,309664.0,83822.45,155167.6,14,14,31,0,54,0,0
0.0001019,14.65,1552.0,671.0,604.0,1696.0,1428.0,215979.49,458235.32,-54.63,26.91,26.91,26.91,38005.97,101917.0,0,1,1,1,500,38,0,0,241,1,2025-01-03 04:13:35,16,13,71,75.96,1.0,1.0,1.0,1.0,1.0,-34.278846153846146,20.0,20.0,21913.0,67106.0,24541.80999999999,34003.729999999996,12,16,58,0,9,0,1
0.0002511,30691.55,6274.0,150.0,135.0,205.0,146.0,44254.59,52819.05,104.0,359.0,275.0,271.0,62159.15,251110.0,0,1,1,1,500,3,0,0,2,0,2025-01-03 04:00:53,7,9,84,66.79,1.0,1.0,1.0,1.0,1.0,9.746503496503484,0.0,2.32,93002.0,154212.0,13750.67,21928.149999999998,25,7,50,0,45,0,1
9.369e-12,228.53,1913.0,33.0,6.0,214.0,67.0,2559.6,29421.01,0.07,10.39,742.0,742.0,44673.76,394162.0,0,1,1,1,500,6556,0,0,0,0,2025-01-03 05:45:21,41,20,39,-20.56,1.0,0.0,0.0,0.0,0.0,4.065311562812403,0.1,0.1,27429.710000000003,37662.94000000001,32771.75,32756.59,1,41,9,0,11,0,0
0.0001821,5.44,2063.0,213.0,116.0,213.0,116.0,42999.7,42999.7,37.26,110.0,110.0,110.0,49911.86,182196.0,0,1,1,1,500,14,0,0,0,0,2025-01-03 02:47:21,46,6,48,-30.75,1.0,0.0,0.0,0.0,0.0,15.839694656488557,20.0,20.0,3177.5699999999974,14238.560000000003,13252.260000000002,9790.529999999999,10,46,30,15,13,7,0
0.0004633,13150.09,108921.0,2.0,0.0,12.0,5.0,181.66,4014.0,1.11,7.9,-10.51,-14.67,110348.33,463380.0,0,1,1,1,500,470,10,-1,640,8,2025-01-03 05:09:18,6,9,85,-24.02,0.0,0.0,0.0,0.0,0.0,1.0909884355225745,0.0,0.1,654970.73,1263661.0,78601.78000000001,125759.98,22,6,22,0,17,0,0
0.000236,17.01,731.0,650.0,407.0,1538.0,1159.0,246863.11,813362.21,52.87,128.0,128.0,128.0,58996.46,236028.0,0,1,1,1,500,9,0,0,116,0,2025-01-03 01:37:38,20,8,72,-21.31,1.0,0.0,0.0,0.0,0.0,16.42821904292057,20.0,20.0,17460.4,43640.0,367208.7299999999,367355.56,3,20,31,0,54,0,0
0.000137,37.54,6390.0,215.0,200.0,5066.0,1117.0,44116.13,248032.18,-8.94,12543.0,12543.0,12543.0,24369.01,137002.0,0,1,1,1,1000,31,0,0,2850,3,2025-01-03 01:37:38,40,12,48,-30.47,0.0,0.0,0.0,0.0,0.0,-19.70149253731344,0.1,0.1,1548.0,27895.0,24022.68000000001,15657.08,10,40,99,0,22,0,0
0.0001619,23.59,4467.0,687.0,390.0,3005.0,1725.0,120099.22,516745.57,28.35,80.02,80.02,80.02,48462.28,161958.0,0,1,1,1,500,2,0,0,0,0,2025-01-02 16:09:55,19,5,76,-88.45,0.0,0.0,0.0,0.0,0.0,-13.717579250720451,0.0,20.0,19629.0,46290.52,16793.609999999997,21015.940000000006,19,19,39,0,25,0,0
0.0002828,67.9,14761.0,180.0,53.0,8774.0,5363.0,17430.19,1367045.18,-2.9,107.0,247.0,247.0,66071.09,282897.0,0,1,1,1,500,28,0,0,0,0,2025-01-02 16:16:25,12,12,76,-55.55,1.0,1.0,1.0,0.0,0.0,1.7632241813602054,20.0,20.0,86878.0,161335.0,18952.620000000003,25291.510000000002,13,12,60,0,15,0,0
0.0002219,72.7,6369.0,4052.0,51.0,6435.0,721.0,10305.74,211455.61,10.57,295.0,180.0,180.0,55738.35,221927.0,0,1,1,0,500,47,0,0,0,0,2025-01-02 16:16:25,11,15,74,-25.42,1.0,1.0,0.0,0.0,0.0,4.818138875767597,0.0,20.0,19253.0,51960.0,8191.339999999999,10568.34,21,11,50,0,42,0,0
0.000887,51.11,10497.0,562.0,497.0,6041.0,4625.0,251642.98,2565230.56,30.25,762.0,762.0,762.0,117408.65,887031.0,0,1,1,1,500,3,0,0,53,0,2025-01-02 10:09:27,15,20,65,-22.12,1.0,0.0,0.0,0.0,0.0,0.0,0.0,0.1,101832.0,527415.0,19668.830000000005,269857.24,12,15,20,0,7,0,0
0.0001641,33.81,15414.0,860.0,461.0,6595.0,4872.0,26900.6,1304731.43,33.27,105.0,105.0,105.0,50499.6,164198.0,0,1,1,1,500,8,0,0,418,1,2025-01-02 09:13:09,20,12,68,-92.24,0.0,0.0,0.0,0.0,0.0,0.0,0.0,20.0,12597.0,47246.54,9672.19,10740.75,13,20,39,0,18,0,0
0.0002273,33.7,501.0,2975.0,1790.0,13654.0,10890.0,33466.23,1099988.39,-2.01,133.0,133.0,133.0,57892.47,227326.0,0,1,1,1,500,12,0,0,9,0,2025-01-02 08:22:22,37,16,47,-23.98,1.0,0.0,0.0,0.0,0.0,0.0,20.0,20.0,28367.41,37881.82,13993.520000000004,15443.320000000002,5,37,11,0,17,0,0
0.0001715,46.75,21511.0,318.0,106.0,13904.0,6487.0,74864.0,1421371.21,20.53,119.0,119.0,119.0,53118.07,171547.0,0,1,1,1,500,12,0,0,14,0,2025-01-02 08:23:56,9,19,72,64.26,1.0,1.0,1.0,1.0,1.0,0.0,19.0,19.0,53197.99,85265.0,13750.72,16146.750000000005,4,9,33,0,56,0,1
0.0003199,165.76,3533.0,45.0,31.0,852.0,538.0,10058.57,105694.01,-0.31,88.24,315.0,315.0,65207.84,319980.0,0,1,0,0,550,792,0,0,0,0,2025-01-02 06:28:44,19,15,66,-20.07,1.0,0.0,0.0,0.0,0.0,0.0,19.0,19.0,83194.0,98622.0,76535.73,78481.20999999999,3,19,39,0,35,0,0
0.0002732,13.77,248.0,2538.0,27.0,2665.0,56.0,11669.69,49425.8,13.03,31735.0,31735.0,31735.0,28955.36,273284.0,0,1,0,0,500,1568,0,0,0,0,2025-01-02 05:16:40,66,4,30,65.19,1.0,1.0,1.0,1.0,1.0,0.0,0.1,0.1,10245.029999999999,19495.929999999997,25472.559999999983,14182.340000000004,6,66,75,57,11,0,1
1.038e-11,480.71,2027.0,25.0,7.0,173.0,46.0,3703.4,33070.53,10.42,23.91,32.14,912.0,45887.45,436682.0,0,1,1,1,500,8802,0,0,0,0,2025-01-02 05:39:17,40,11,49,-21.16,1.0,0.0,0.0,0.0,0.0,0.0,0.1,0.1,54512.70000000001,68337.73,43653.50999999999,44840.07000000001,3,41,3,0,11,0,0
0.001051,4372.31,2757.0,25.0,6.0,305.0,223.0,5057.28,131354.84,0.56,45.29,277.0,374.0,116642.8,1051383.0,0,1,1,1,630,144,0,0,0,0,2025-01-02 04:54:12,8,11,81,60.8,1.0,1.0,1.0,1.0,1.0,0.0,0.0,0.1,49601.6,72074.0,14578.190000000002,20578.44,19,9,29,0,16,0,1
0.0001033,6.07,812.0,124.0,107.0,157.0,118.0,14338.69,17063.53,33.46,38.99,38.99,38.99,36264.73,103384.0,0,1,1,1,500,16,0,0,0,0,2025-01-02 03:13:24,36,4,60,-24.29,1.0,0.0,0.0,0.0,0.0,0.0,0.0,19.0,2433.8199999999993,6506.110000000001,2927.1399999999994,3835.94,27,36,42,17,12,6,0
0.000683,52.69,2692.0,178.0,149.0,2231.0,1794.0,133865.55,1335033.57,-9.74,785.0,785.0,785.0,96686.06,683064.0,0,1,1,1,500,5,0,0,381,0,2025-01-02 02:16:40,27,17,56,61.93,1.0,1.0,1.0,1.0,1.0,0.0,971.0,971.0,53414.0,103526.0,38970.629999999976,61114.79,1,27,1,0,6,0,1
0.0002064,53.83,3813.0,341.0,39.0,3893.0,815.0,20330.41,368456.15,-4.47,161.0,161.0,161.0,52249.06,206404.0,0,1,1,1,500,0,0,0,294,0,2025-01-02 05:01:38,18,6,76,62.45,1.0,1.0,1.0,1.0,1.0,0.0,38.0,38.0,28578.87,40339.81,12800.59,11862.730000000001,2,18,5,0,5,0,1
0.0002182,54.68,16999.0,1329.0,748.0,12721.0,3790.0,279554.84,1230105.58,-25.23,21160.0,21160.0,21160.0,32076.44,218258.0,0,1,1,0,2000,25,0,0,2760,3,2025-01-02 01:59:33,46,18,36,-22.41,1.0,0.0,0.0,0.0,0.0,0.0,0.0,0.1,0.0,37750.0,23232.850000000002,9111.470000000001,17,46,100,0,27,0,0
0.0006749,37.61,2692.0,149.0,182.0,1762.0,1375.0,114493.16,1016442.23,-14.01,774.0,774.0,774.0,95147.49,674902.0,0,1,1,1,500,5,0,0,365,0,2025-01-02 02:16:40,28,17,55,61.93,1.0,1.0,1.0,1.0,1.0,0.0,971.0,971.0,47296.0,94082.0,38736.629999999976,54657.78999999999,1,28,0,0,6,0,1
0.0002578,21.65,24.0,17.0,25.0,308.0,195.0,2878.47,90844.51,1.59,214.0,214.0,214.0,56874.4,257829.0,0,1,1,0,2000,1,0,0,5090,0,2025-01-01 11:58:01,47,13,40,60.2,1.0,1.0,1.0,1.0,1.0,0.0,381.0,381.0,16995.48999999999,32363.630000000005,19056.98,18672.730000000003,10,47,12,13,16,12,1
0.001632,87.84,8949.0,173.0,129.0,3691.0,3148.0,76934.53,2231368.78,-15.58,657.0,2109.0,2109.0,148674.55,1632981.0,0,1,1,1,510,560,0,0,0,0,2025-01-01 07:00:43,6,10,84,-26.65,1.0,0.0,0.0,0.0,0.0,0.0,19.0,19.0,154177.0,448045.0,21916.25,32249.28,11,6,16,0,13,0,0
0.0001827,6.05,725.0,622.0,195.0,714.0,222.0,163180.67,211867.89,29.17,42.05,42.05,42.05,48241.02,182728.0,0,1,1,1,500,1,0,0,2,0,2025-01-01 03:39:59,44,14,42,60.04,1.0,1.0,1.0,1.0,1.0,0.0,191.0,191.0,47258.36,94293.31999999999,37211.78999999999,39371.939999999995,6,44,19,1,20,0,1
0.0002987,13.34,330.0,44.0,20.0,192.0,58.0,5982.17,61157.24,28.39,36179.0,36179.0,36179.0,29791.99,298762.0,0,1,0,0,500,1205,0,0,0,0,2025-01-01 03:24:05,59,8,33,-20.22,0.0,0.0,0.0,0.0,0.0,0.0,0.1,0.1,19652.149999999987,23353.949999999993,32771.779999999984,23225.999999999996,8,60,8,58,6,7,0
0.0001232,6.14,3058.0,205.0,108.0,242.0,123.0,26912.24,30787.71,76.01,69.45,69.45,69.45,39304.58,123234.0,0,1,1,1,500,4,0,0,12,0,2025-01-01 03:27:16,36,9,55,-24.61,1.0,1.0,0.0,0.0,0.0,0.0,0.0,0.1,6033.000000000002,12763.470000000003,5114.580000000001,5885.619999999999,14,36,32,2,9,0,0
1.148e-11,190.75,1567.0,29.0,8.0,64.0,22.0,4912.71,8762.94,15.18,32.11,1401.0,1401.0,47143.53,482964.0,0,1,1,1,500,5075,0,0,0,0,2025-01-01 03:23:19,38,18,44,-20.09,0.0,0.0,0.0,0.0,0.0,0.0,0.1,0.1,10653.170000000006,13783.530000000002,17061.36,13188.85,1,38,5,13,10,4,0
7.77e-05,303.94,29938.0,3.0,11.0,75.0,74.0,2529.36,11994.68,-13.33,-8.79,-13.05,-13.05,31357.39,77685.0,0,1,1,1,550,112,0,0,0,0,2025-01-01 03:39:22,13,9,78,-21.15,1.0,0.0,0.0,0.0,0.0,0.0,0.0,19.0,19613.68,29210.07,8345.009999999998,12762.229999999998,18,13,53,0,54,0,0
0.0002395,655.29,4808.0,14.0,8.0,185.0,132.0,3260.94,35986.73,12.2,4.36,37.34,2812.0,67196.64,263505.0,0,1,1,1,1650,1185,257,22,1000,2,2025-01-01 05:16:24,39,15,46,72.73,1.0,1.0,1.0,1.0,1.0,0.0,0.1,0.1,39556.6,107901.0,20595.26,57233.450000000004,4,39,13,0,1,0,1
0.0008151,9433.08,136990.0,1157.0,33.0,2582.0,65.0,10444.28,23033.02,6.28,20.84,8.36,44.27,152733.31,815097.0,0,0,1,1,500,0,7,-1,2140,14,2025-01-01 08:33:30,3,14,83,60.84,1.0,1.0,1.0,1.0,1.0,0.0,0.0,19.0,339667.0,895728.0,28205.829999999994,52848.929999999986,26,3,25,0,16,0,1
0.0001509,235.43,104028.0,2299.0,264.0,47802.0,1403.0,39227.83,209476.21,9.74,109.0,98.67,98.67,46538.1,150974.0,0,1,1,1,510,78,0,0,1700,2,2024-12-31 23:00:36,7,18,75,62.76,1.0,1.0,1.0,1.0,1.0,0.0,0.0,19.0,4652.0,51639.0,9337.409999999998,14087.259999999998,20,7,95,0,32,0,1
0.0002433,18784.93,201559.0,160.0,95.0,1419.0,906.0,81022.15,810663.76,4.58,55.98,56.59,54.08,68996.44,243328.0,0,1,1,1,500,163,0,0,156,0,2024-12-31 22:52:57,2,12,86,60.01,1.0,1.0,1.0,1.0,1.0,0.0,0.1,0.1,27361.0,183232.0,63024.46,81941.02,4,2,83,0,15,0,1
0.0003731,11.35,131.0,633.0,184.0,1039.0,343.0,143597.56,309397.23,20.69,45235.0,45235.0,45235.0,33766.02,373119.0,0,1,1,0,500,299,0,0,0,0,2024-12-31 05:56:43,54,15,31,-24.71,1.0,1.0,1.0,1.0,0.0,0.0,0.1,0.1,29934.920000000002,38579.669999999984,35738.10999999995,30588.27,7,55,35,31,13,0,0
8.93e-05,5.67,1.0,323.0,139.0,402.0,139.0,31876.36,37932.11,3.75,5412.0,5412.0,5412.0,14372.04,89308.0,0,1,1,1,500,4,0,0,4,0,2024-12-30 17:18:49,57,13,30,-26.25,0.0,0.0,0.0,0.0,0.0,0.0,0.1,0.1,6450.940000000004,12487.45,10100.710000000006,6714.159999999999,6,57,50,42,12,0,0
0.0003352,11.66,908.0,3421.0,151.0,3835.0,331.0,134859.17,274101.68,32.43,40340.0,40340.0,40340.0,32195.38,335217.0,0,1,1,0,500,421,0,0,0,0,2024-12-30 04:08:53,55,12,33,65.84,1.0,1.0,1.0,1.0,1.0,0.0,0.1,0.1,16423.11999999999,21711.07999999999,15766.880000000006,8904.579999999998,5,55,49,47,15,0,1
0.0001134,19.43,2501.0,3193.0,86.0,3549.0,319.0,38208.03,93072.24,17.87,49.24,49.24,49.24,38422.17,113493.0,0,1,1,1,500,154,0,0,0,0,2024-12-29 10:23:40,25,11,64,-22.61,0.0,0.0,0.0,0.0,0.0,0.0,19.0,19.0,9445.0,24566.0,9339.160000000002,10970.960000000001,9,25,71,0,28,0,0
8.891e-05,102.4,51005.0,169.0,111.0,48483.0,1010.0,23513.85,354208.91,20.4,78.1,2823.0,2823.0,33127.73,88910.0,0,1,1,1,500,41,0,0,0,0,2024-12-29 08:38:07,31,47,22,-31.39,1.0,1.0,1.0,0.0,0.0,0.0,0.1,0.1,20868.310000000005,29016.0,11512.79,15217.49,5,31,1,0,10,0,0
0.000372,81.69,9220.0,149.0,119.0,2861.0,2035.0,32703.11,677311.43,26.0,244.0,282.0,282.0,71791.06,372026.0,0,1,1,1,500,34,0,0,0,0,2024-12-29 07:56:20,13,9,78,81.26,1.0,1.0,1.0,1.0,1.0,0.0,0.0,0.1,29301.0,101809.0,18426.370000000006,26047.16,30,13,74,0,14,0,1
0.0002863,10.78,883.0,360.0,152.0,648.0,267.0,104523.37,197182.67,37.09,33858.0,33858.0,33858.0,29858.96,286341.0,0,1,1,0,500,236,0,0,0,0,2024-12-29 07:22:15,56,9,35,62.59,1.0,1.0,1.0,1.0,1.0,0.0,0.1,0.1,2161.5599999999995,6723.160000000002,33332.05,25510.72,6,56,61,59,19,0,1
0.000273,12.08,1193.0,737.0,170.0,999.0,281.0,163905.64,284714.67,34.7,32393.0,32393.0,32393.0,29366.28,273057.0,0,1,1,0,500,262,0,0,1070,3,2024-12-29 04:31:15,54,11,35,65.35,1.0,1.0,1.0,1.0,1.0,0.0,0.1,0.1,5942.800000000001,9143.29,62154.66000000002,53270.05,9,56,80,78,28,0,1
0.0002426,16188.41,339500.0,35.0,6.0,176.0,112.0,6978.09,45426.89,37.18,108.0,164.0,188.0,63334.19,242593.0,0,1,1,1,500,158,0,0,0,0,2024-12-29 02:49:25,5,12,83,-20.4,0.0,0.0,0.0,0.0,0.0,0.0,0.0,21.0,79610.0,168623.0,40253.869999999995,43241.76999999999,14,5,51,0,36,0,0
8.292e-05,17.05,1663.0,44.0,52.0,345.0,345.0,13020.79,62862.35,9.46,15.54,15.54,15.54,31972.05,82925.0,0,0,0,0,500,0,0,0,0,0,2024-12-28 15:59:26,25,6,69,-41.03,1.0,1.0,0.0,0.0,0.0,0.0,0.0,0.1,10708.34,21268.769999999997,6993.459999999999,8416.590000000002,10,25,47,0,40,0,0
0.0001645,23.0,943.0,540.0,362.0,3107.0,2012.0,100551.96,767987.18,22.75,116.0,116.0,116.0,46974.61,164518.0,0,1,1,1,500,13,0,0,0,0,2024-12-28 16:13:39,30,6,64,-33.37,1.0,1.0,0.0,0.0,0.0,0.0,18.0,18.0,21503.0,49792.07,9444.570000000007,13338.720000000003,8,30,30,0,13,0,0
0.0001332,52.33,44902.0,4179.0,98.0,45982.0,884.0,51708.18,371630.26,14.21,49.04,49.04,49.04,41433.25,133254.0,0,1,1,1,500,26,0,0,0,0,2024-12-28 16:07:56,18,3,79,-94.61,1.0,1.0,1.0,0.0,0.0,0.0,18.0,18.0,18468.62,25550.96,10869.79,11093.039999999999,1,18,8,0,32,0,0
0.0001036,2687.51,145832.0,4342.0,16.0,8937.0,80.0,2626.32,16667.87,9.47,40.44,56.58,95.53,37007.26,103612.0,0,1,1,1,500,72,0,0,0,0,2024-12-28 16:48:24,7,18,75,-34.31,0.0,0.0,0.0,0.0,0.0,0.0,18.0,18.0,95628.0,153679.0,36796.530000000006,40555.340000000004,4,8,37,0,41,0,0
6.146e-12,136.71,1909.0,9.0,6.0,185.0,97.0,1478.68,19626.71,1.41,16.08,647.0,647.0,34315.15,258596.0,0,1,1,1,500,4467,0,0,0,0,2024-12-28 16:00:42,48,10,42,60.02,1.0,1.0,1.0,1.0,1.0,0.0,3.72,3.72,18843.530000000002,24659.38,9906.690000000006,10322.540000000003,1,48,2,0,13,0,1
0.0003132,12.88,134.0,196.0,62.0,350.0,170.0,33322.68,84713.27,44.33,227.0,227.0,227.0,61712.16,313279.0,0,1,1,0,1000,2,0,0,0,0,2024-12-28 06:19:13,33,17,50,-23.02,1.0,1.0,0.0,0.0,0.0,0.0,18.0,18.0,18992.31999999999,28982.799999999992,31005.60999999999,24634.579999999994,3,38,3,28,33,9,0
0.0001919,12.11,1332.0,2929.0,10.0,3031.0,38.0,1683.23,14787.95,3.67,23900.0,23900.0,23900.0,23402.94,191904.0,0,1,0,0,500,1058,0,0,0,0,2024-12-28 05:08:38,67,4,29,60.81,1.0,1.0,1.0,1.0,1.0,0.0,0.0,0.1,1728.1299999999999,6382.220000000003,12041.140000000005,2526.05,21,67,77,67,8,0,1
0.0003897,17.13,81.0,729.0,401.0,1246.0,754.0,161785.51,313273.78,120.0,581.0,581.0,581.0,69570.54,389797.0,0,1,1,1,500,3,0,0,1,0,2024-12-28 02:47:26,18,8,74,-21.25,0.0,0.0,0.0,0.0,0.0,0.0,18.0,18.0,11166.0,50985.0,18928.379999999997,25319.549999999996,7,18,87,0,20,0,0
0.0001917,30.66,7722.0,168.0,137.0,5143.0,2030.0,28364.04,754921.29,12.67,19620.0,19620.0,19620.0,28538.59,191719.0,0,1,1,1,500,5,40,7,1500,2,2024-12-28 01:59:24,54,5,41,-21.18,0.0,0.0,0.0,0.0,0.0,0.0,0.0,0.1,479.0,27715.0,18151.750000000007,6751.94,22,54,99,0,12,0,0
0.0002551,174.33,2302.0,163.0,97.0,475.0,208.0,15463.83,53652.69,12.56,185.0,255.0,255.0,55973.25,255155.0,0,1,1,1,500,5,0,0,139,0,2024-12-28 01:10:05,12,14,74,-20.03,0.0,0.0,0.0,0.0,0.0,0.0,18.0,18.0,19278.390000000003,39633.0,16647.8,22676.79,5,12,18,0,15,0,0
0.0001271,8.85,157.0,89.0,51.0,295.0,130.0,9194.18,31844.85,21.77,70.08,70.08,70.08,39895.56,127164.0,0,0,1,1,1000,0,0,0,4,0,2024-12-27 10:07:00,46,9,45,-24.97,1.0,0.0,0.0,0.0,0.0,0.0,0.0,19.0,7460.4900000000025,11654.68,10055.890000000003,9361.540000000003,17,47,22,18,18,20,0
0.0001899,12.82,0.0,12.0,12.0,117.0,43.0,2544.38,17997.54,10.21,23086.0,23086.0,23086.0,23565.57,189952.0,0,1,0,0,500,925,0,0,0,0,2024-12-27 07:00:55,56,3,30,64.98,1.0,1.0,1.0,1.0,1.0,0.0,0.1,0.1,14978.06,3880.72,14978.060000000007,3880.72,7,56,7,56,19,19,1
0.0003031,4.82,0.0,633.0,235.0,633.0,235.0,276009.78,276009.78,233.0,233.0,233.0,233.0,62069.27,303120.0,0,1,1,1,1500,12,0,0,0,0,2024-12-27 06:44:53,36,20,44,-32.2,1.0,1.0,1.0,0.0,0.0,0.0,190.0,190.0,63929.51,111649.0,27698.65,27106.37,3,36,11,0,32,0,0
0.0001191,10354.19,2261.0,2.0,0.0,4.0,1.0,756.0,928.81,11.41,13.4,77.5,149.0,30239.72,119157.0,0,1,1,1,500,179,0,0,0,0,2024-12-27 04:28:53,4,29,67,-20.25,1.0,1.0,1.0,0.0,0.0,0.0,19.0,19.0,37921.82,58038.0,14421.02,14508.27,0,4,15,0,40,0,0
4.266e-05,8.61,871.0,526.0,160.0,751.0,229.0,41229.31,60297.51,12.54,972.0,972.0,972.0,7082.25,42665.0,0,1,1,1,500,1,0,0,0,0,2024-12-27 02:33:35,62,5,33,75.29,1.0,1.0,1.0,1.0,1.0,0.0,0.0,0.1,7752.990000000001,15058.430000000002,7906.3700000000035,5322.280000000001,27,62,59,58,14,0,1
0.0001787,23.1,414.0,232.0,233.0,10382.0,1887.0,40817.64,658322.97,6.38,96.53,96.53,96.53,48786.92,178774.0,0,1,1,0,500,27,0,0,0,0,2024-12-27 02:04:07,31,11,58,-21.66,1.0,0.0,0.0,0.0,0.0,0.0,18.0,18.0,379.0,31097.0,16093.779999999997,16663.57,4,31,99,0,22,0,0
0.0007755,103.53,13239.0,227.0,157.0,2533.0,1846.0,68987.71,613927.02,0.49,13.37,914.0,914.0,102435.99,775504.0,0,1,1,0,500,270,0,0,0,0,2024-12-27 01:39:56,7,24,69,-20.7,0.0,0.0,0.0,0.0,0.0,0.0,0.0,18.0,99882.9,230474.0,36306.53,67088.34000000001,7,7,20,0,18,0,0
7.365e-05,79.77,0.0,5138.0,58.0,35098.0,894.0,14744.44,390596.18,1.38,205.0,5712.0,5712.0,19473.92,73654.0,0,1,1,1,500,81,0,0,0,0,2024-12-26 06:27:56,13,54,33,62.53,1.0,1.0,1.0,1.0,1.0,0.0,0.1,0.1,22047.080000000005,32516.0,13520.029999999999,17092.120000000003,5,13,3,0,33,0,1
0.0002083,13.43,0.0,24.0,11.0,160.0,55.0,3149.46,20726.32,17.86,24313.0,24313.0,24313.0,25292.89,208389.0,0,1,0,0,500,675,0,0,0,0,2024-12-26 05:45:34,59,5,36,79.12,1.0,1.0,1.0,1.0,1.0,0.0,0.1,0.1,2930.919999999999,4725.86,14429.190000000011,3836.1299999999997,5,59,6,55,12,12,1
0.0002546,36.93,0.0,478.0,397.0,4089.0,3396.0,20896.61,986717.63,23.14,230.0,230.0,230.0,60437.21,254620.0,0,1,1,1,500,2,0,0,0,0,2024-12-26 06:07:13,13,17,70,63.63,1.0,1.0,1.0,1.0,1.0,0.0,0.1,0.1,27215.0,73844.0,25829.72999999997,28216.25999999999,6,13,60,0,28,0,1
0.0002182,15.2,0.0,317.0,1033.0,6240.0,5722.0,47123.41,730321.04,61.2,182.0,182.0,182.0,55691.99,218239.0,0,1,1,1,500,33,0,0,0,0,2024-12-26 04:26:58,18,24,58,-22.04,0.0,0.0,0.0,0.0,0.0,0.0,0.0,0.1,10584.86,26936.0,93592.95,97160.09,14,19,35,0,18,0,0
0.0001239,5.41,955.0,292.0,211.0,292.0,211.0,48502.23,48502.23,57.13,57.13,57.13,57.13,40146.84,123986.0,0,0,1,0,500,0,0,0,0,0,2024-12-26 03:29:05,40,8,52,63.6,1.0,1.0,1.0,1.0,1.0,0.0,0.0,0.1,5191.4,14042.750000000002,5694.289999999998,7790.810000000001,33,41,62,0,9,0,1
0.0001725,235.0,10854.0,4061.0,56.0,14819.0,615.0,12222.1,148640.68,16.86,172.0,118.0,118.0,50501.66,172529.0,0,1,1,1,550,23,0,0,114,0,2024-12-26 03:46:04,12,16,72,-25.62,1.0,1.0,1.0,1.0,1.0,0.0,0.0,19.0,38624.0,107148.0,11564.950000000003,18693.06,16,12,67,0,14,0,0
0.0002329,27.69,11620.0,198.0,186.0,8772.0,2344.0,35410.24,911346.43,3.95,22351.0,22351.0,22351.0,32709.05,232926.0,0,1,1,0,500,3,0,0,0,0,2024-12-26 02:04:32,49,12,39,-23.01,0.0,0.0,0.0,0.0,0.0,0.0,0.1,0.1,509.0,33327.0,29658.580000000005,17348.729999999996,9,49,99,0,19,0,0
0.01147,16650.71,3766.0,1.0,0.0,4.0,8.0,49.85,415.48,0.44,1.16,50.07,144.0,392496.69,11471509.0,0,1,1,1,500,18,0,0,0,0,2024-12-26 02:42:54,5,18,77,61.9,1.0,1.0,1.0,1.0,1.0,0.0,0.0,11.0,59584.21000000001,191838.0,110763.35999999999,101685.90999999999,11,5,18,0,7,0,1
0.002773,725.28,61573.0,71.0,48.0,1911.0,1988.0,24835.81,673362.5,6.51,18.46,113.0,3393.0,234935.59,2773603.0,0,1,1,0,500,201,0,0,0,0,2024-12-26 01:27:13,6,14,80,-21.78,0.0,0.0,0.0,0.0,0.0,0.0,0.0,0.1,452261.0,1038032.0,19857.669999999995,69440.11000000002,26,6,29,0,9,0,0
0.002299,20017.61,76764.0,40.0,8.0,210.0,119.0,5364.48,58160.97,8.81,16.13,4.56,112.0,206422.39,2299235.0,0,1,1,1,1000,874,0,0,0,0,2024-12-26 02:33:33,17,8,75,64.38,1.0,1.0,1.0,1.0,1.0,0.0,0.0,22.0,535930.0,1364894.0,64322.179999999986,152110.73999999996,14,19,50,0,1,0,1
0.0001666,19.14,0.0,1400.0,2643.0,11790.0,4293.0,73861.3,316455.05,-1.08,124.0,124.0,124.0,46370.42,166686.0,0,1,1,1,500,10,0,0,5,0,2024-12-24 10:15:57,33,18,49,-74.27,0.0,0.0,0.0,0.0,0.0,0.0,0.0,0.1,17826.350000000002,35176.0,14491.130000000001,19499.07999999999,10,33,23,0,14,0,0
0.0002189,14.61,0.0,3067.0,2120.0,5826.0,4720.0,405173.55,795265.35,43.3,153.0,153.0,153.0,54459.72,218957.0,0,0,0,0,500,0,0,0,0,0,2024-12-24 04:36:35,22,13,65,-30.01,0.0,0.0,0.0,0.0,0.0,0.0,0.0,0.1,14169.0,20555.44,10265.940000000004,9795.720000000003,18,22,24,0,7,0,0
0.0001109,52.02,786.0,201.0,2.0,703.0,48.0,7293.82,43499.91,125.0,46.68,46.68,46.68,37310.64,110969.0,0,0,0,0,500,0,0,0,0,0,2024-12-24 04:14:45,61,2,37,64.47,1.0,1.0,1.0,1.0,1.0,0.0,0.0,0.1,380.0,18728.0,12905.76,17326.61,44,61,94,86,22,0,1
0.0001104,817.05,11763.0,13.0,2.0,17.0,10.0,1240.33,2213.81,10.28,16.41,-11.19,54.52,39380.74,110404.0,0,0,1,0,500,0,0,0,232,3,2024-12-24 09:48:06,6,14,80,88.41,1.0,1.0,1.0,1.0,1.0,0.0,0.0,184.0,107781.0,264526.0,27087.430000000004,67944.63999999998,20,6,30,0,2,0,1
1.585e-11,285.4,3865.0,53.0,30.0,811.0,423.0,11799.41,115912.14,2.79,28.03,2070.0,2070.0,56205.92,666874.0,0,1,1,1,500,4835,0,0,0,0,2024-12-24 02:32:59,51,19,30,-41.59,0.0,0.0,0.0,0.0,0.0,0.0,3.71,3.71,47726.02,74111.0,12823.630000000001,21006.1,2,51,3,0,2,0,0
0.0002019,5.67,59.0,627.0,198.0,783.0,240.0,141300.89,192217.95,9.12,172.0,172.0,172.0,50826.34,201939.0,0,1,1,1,1000,24,0,0,0,0,2024-12-24 03:16:52,53,9,38,-22.49,1.0,0.0,0.0,0.0,0.0,0.0,0.1,0.1,22645.15,72334.60000000002,25310.980000000007,23876.43,6,53,18,0,14,0,0
0.0002153,56.99,20257.0,239.0,229.0,14505.0,4743.0,36119.66,1501676.97,13.26,21059.0,21059.0,21059.0,33267.84,215334.0,0,1,1,0,1500,53,36,1,1120,2,2024-12-24 01:31:00,40,11,49,68.79,1.0,1.0,1.0,1.0,1.0,0.0,0.0,0.1,1636.0,38661.0,17412.39,10649.67,15,40,97,0,23,0,1
0.0008765,605.98,0.0,238.0,217.0,3113.0,2884.0,13239.21,164678.1,6.07,60.52,66.67,838.0,109987.23,832738.0,0,1,1,1,1000,351,0,0,0,0,2024-12-23 08:37:14,9,28,63,-24.32,1.0,0.0,0.0,0.0,0.0,0.0,18.0,18.0,106993.0,223899.0,32509.72999999999,69788.66000000003,5,9,25,0,13,0,0
0.0001881,18.0,0.0,4752.0,8.0,6332.0,41.0,2237.21,17370.58,15.35,23944.0,23944.0,23944.0,22854.37,188139.0,0,1,0,0,500,340,0,0,0,0,2024-12-23 05:25:55,64,7,29,61.19,1.0,1.0,1.0,1.0,1.0,0.0,0.0,0.1,1717.8399999999995,6654.180000000003,12485.830000000007,5020.93,29,64,78,71,15,0,1
9.531e-05,61.31,0.0,4495.0,126.0,26908.0,548.0,43554.82,215837.8,4.44,5905.0,5043.0,5043.0,23886.75,95315.0,0,1,1,1,500,52,0,0,2,0,2024-12-23 04:55:08,48,31,21,-21.61,1.0,0.0,0.0,0.0,0.0,0.0,0.1,0.1,14332.410000000002,21507.28,8229.58,9056.150000000001,4,48,1,0,14,0,0
0.0004211,35.59,1793.0,447.0,275.0,990.0,778.0,104336.71,238948.97,39.51,341.0,341.0,341.0,71433.99,421126.0,0,1,1,0,2000,1,0,0,4,0,2024-12-23 02:54:38,12,15,73,-22.94,1.0,0.0,0.0,0.0,0.0,0.0,0.0,36.0,12151.0,49020.0,20461.730000000003,26001.0,15,12,88,0,44,0,0
0.0001186,5751.08,56124.0,1731.0,15.0,17638.0,294.0,2490.37,49745.53,1.7,13.69,175.0,292.0,44060.52,116270.0,0,1,1,1,500,149,0,0,1500,3,2024-12-23 02:05:11,5,13,82,-22.75,1.0,1.0,1.0,1.0,1.0,0.0,0.0,41.0,183666.0,398400.0,31083.979999999996,49733.840000000004,16,5,31,0,15,0,0
0.0002444,1420.76,100064.0,1086.0,80.0,14673.0,457.0,29189.07,81547.83,9.72,6.44,-28.11,206.0,58541.12,220024.0,0,1,1,1,2000,183,0,0,59,0,2024-12-23 01:53:07,5,10,85,-23.94,0.0,0.0,0.0,0.0,0.0,0.0,0.1,0.1,28287.0,109250.0,42217.200000000004,49487.79,8,5,89,0,21,0,0
0.000113,5746.14,48935.0,3364.0,26.0,19078.0,309.0,4501.5,49646.49,6.37,3.48,162.0,268.0,41736.72,110731.0,0,1,1,1,500,149,0,0,1500,3,2024-12-23 02:05:11,5,13,82,-22.75,1.0,1.0,1.0,1.0,1.0,0.0,0.0,41.0,183666.0,398400.0,31083.979999999996,49733.840000000004,16,5,31,0,15,0,0
